{
    "$schema": "../node_modules/@angular-devkit/schematics/collection-schema.json",
    "schematics": {
        "ng-add": {
            "description": "Add ngx-daterangepicker-material to an Angular project.",
            "factory": "./ng-add/index",
            "schema": "./ng-add/schema.json"
        },
        "ng-add-setup-project": {
            "description": "Sets up the project after the ngx-daterangepicker-material has been installed.",
            "private": true,
            "factory": "./ng-add/setup-project"
        }
    }
}
