[{"__symbolic":"module","version":4,"metadata":{"AceEditorModule":{"__symbolic":"class","decorators":[{"__symbolic":"call","expression":{"__symbolic":"reference","module":"@angular/core","name":"NgModule","line":9,"character":1},"arguments":[{"declarations":[{"__symbolic":"reference","module":"./component","name":"AceEditorComponent","line":5,"character":4},{"__symbolic":"reference","module":"./directive","name":"AceEditorDirective","line":6,"character":4}],"imports":[],"providers":[],"exports":[{"__symbolic":"reference","module":"./component","name":"AceEditorComponent","line":5,"character":4},{"__symbolic":"reference","module":"./directive","name":"AceEditorDirective","line":6,"character":4}]}]}]}}}]