{"moduleName":null,"summaries":[{"symbol":{"__symbol":0,"members":[]},"metadata":{"__symbol":1,"members":[]}},{"symbol":{"__symbol":2,"members":[]},"metadata":{"__symbol":3,"members":[]}},{"symbol":{"__symbol":4,"members":[]},"metadata":{"__symbol":5,"members":[]}}],"symbols":[{"__symbol":0,"name":"AceEditorDirective","filePath":"./index"},{"__symbol":1,"name":"AceEditorDirective","filePath":"./src/directive"},{"__symbol":2,"name":"AceEditorComponent","filePath":"./index"},{"__symbol":3,"name":"AceEditorComponent","filePath":"./src/component"},{"__symbol":4,"name":"AceEditorModule","filePath":"./index"},{"__symbol":5,"name":"AceEditorModule","filePath":"./src/module"}]}