{"__symbolic":"module","version":4,"metadata":{"NgxJsonViewerModule":{"__symbolic":"class","decorators":[{"__symbolic":"call","expression":{"__symbolic":"reference","module":"@angular/core","name":"NgModule","line":5,"character":1},"arguments":[{"imports":[{"__symbolic":"reference","module":"@angular/common","name":"CommonModule","line":7,"character":4}],"declarations":[{"__symbolic":"reference","name":"NgxJsonViewerComponent"}],"exports":[{"__symbolic":"reference","name":"NgxJsonViewerComponent"}]}]}],"members":{}},"NgxJsonViewerComponent":{"__symbolic":"class","decorators":[{"__symbolic":"call","expression":{"__symbolic":"reference","module":"@angular/core","name":"Component","line":10,"character":1},"arguments":[{"selector":"ngx-json-viewer","template":"<section class=\"ngx-json-viewer\">\n  <section\n    *ngFor=\"let segment of segments\"\n    [ngClass]=\"['segment', 'segment-type-' + segment.type]\">\n    <section\n      (click)=\"toggle(segment)\"\n      [ngClass]=\"{\n        'segment-main': true,\n        'expandable': isExpandable(segment),\n        'expanded': segment.expanded\n      }\">\n      <div *ngIf=\"isExpandable(segment)\" class=\"toggler\"></div>\n      <span class=\"segment-key\">{{ segment.key }}</span>\n      <span class=\"segment-separator\">: </span>\n      <span *ngIf=\"!segment.expanded || !isExpandable(segment)\" class=\"segment-value\">{{ segment.description }}</span>\n    </section>\n    <section *ngIf=\"segment.expanded && isExpandable(segment)\" class=\"children\">\n      <ngx-json-viewer [json]=\"segment.value\" [expanded]=\"expanded\" [depth]=\"depth\" [_currentDepth]=\"_currentDepth\"></ngx-json-viewer>\n    </section>\n  </section>\n</section>\n","styles":["@charset \"UTF-8\";.ngx-json-viewer{font-family:monospace;font-size:1em;height:100%;overflow:hidden;position:relative;width:100%}.ngx-json-viewer .segment{margin:1px 1px 1px 12px;padding:2px}.ngx-json-viewer .segment .segment-main{word-wrap:break-word}.ngx-json-viewer .segment .segment-main .toggler{color:#787878;font-size:.8em;line-height:1.2em;margin-left:-14px;margin-top:3px;position:absolute;vertical-align:middle}.ngx-json-viewer .segment .segment-main .toggler:after{content:\"►\";display:inline-block;transition:transform .1s ease-in}.ngx-json-viewer .segment .segment-main .segment-key{color:#4e187c}.ngx-json-viewer .segment .segment-main .segment-separator{color:#999}.ngx-json-viewer .segment .segment-main .segment-value{color:#000}.ngx-json-viewer .segment .children{margin-left:12px}.ngx-json-viewer .segment-type-string>.segment-main>.segment-value{color:#ff6b6b}.ngx-json-viewer .segment-type-number>.segment-main>.segment-value{color:#009688}.ngx-json-viewer .segment-type-boolean>.segment-main>.segment-value{color:#b938a4}.ngx-json-viewer .segment-type-date>.segment-main>.segment-value{color:#05668d}.ngx-json-viewer .segment-type-array>.segment-main>.segment-value,.ngx-json-viewer .segment-type-function>.segment-main>.segment-value,.ngx-json-viewer .segment-type-object>.segment-main>.segment-value{color:#999}.ngx-json-viewer .segment-type-null>.segment-main>.segment-value,.ngx-json-viewer .segment-type-undefined>.segment-main>.segment-value{color:#fff}.ngx-json-viewer .segment-type-null>.segment-main>.segment-value{background-color:red}.ngx-json-viewer .segment-type-undefined>.segment-main>.segment-key{color:#999}.ngx-json-viewer .segment-type-undefined>.segment-main>.segment-value{background-color:#999}.ngx-json-viewer .segment-type-array>.segment-main,.ngx-json-viewer .segment-type-object>.segment-main{white-space:nowrap}.ngx-json-viewer .expanded>.toggler:after{transform:rotate(90deg)}.ngx-json-viewer .expandable,.ngx-json-viewer .expandable>.toggler{cursor:pointer}"]}]}],"members":{"json":[{"__symbolic":"property","decorators":[{"__symbolic":"call","expression":{"__symbolic":"reference","module":"@angular/core","name":"Input","line":17,"character":3}}]}],"expanded":[{"__symbolic":"property","decorators":[{"__symbolic":"call","expression":{"__symbolic":"reference","module":"@angular/core","name":"Input","line":18,"character":3}}]}],"depth":[{"__symbolic":"property","decorators":[{"__symbolic":"call","expression":{"__symbolic":"reference","module":"@angular/core","name":"Input","line":19,"character":3}}]}],"_currentDepth":[{"__symbolic":"property","decorators":[{"__symbolic":"call","expression":{"__symbolic":"reference","module":"@angular/core","name":"Input","line":21,"character":3}}]}],"ngOnChanges":[{"__symbolic":"method"}],"isExpandable":[{"__symbolic":"method"}],"toggle":[{"__symbolic":"method"}],"parseKeyValue":[{"__symbolic":"method"}],"isExpanded":[{"__symbolic":"method"}],"decycle":[{"__symbolic":"method"}]}}},"origins":{"NgxJsonViewerModule":"./src/ngx-json-viewer.module","NgxJsonViewerComponent":"./src/ngx-json-viewer/ngx-json-viewer.component"},"importAs":"ngx-json-viewer"}