{"moduleName":null,"summaries":[{"symbol":{"__symbol":0,"members":[]},"metadata":{"__symbolic":"class","members":{"textChanged":[{"__symbolic":"property","decorators":[{"__symbolic":"call","expression":{"__symbol":1,"members":[]}}]}],"textChange":[{"__symbolic":"property","decorators":[{"__symbolic":"call","expression":{"__symbol":1,"members":[]}}]}],"style":[{"__symbolic":"property","decorators":[{"__symbolic":"call","expression":{"__symbol":2,"members":[]}}]}],"__ctor__":[{"__symbolic":"constructor","parameters":[{"__symbol":3,"members":[]},{"__symbol":4,"members":[]}]}],"ngOnInit":[{"__symbolic":"method"}],"ngOnDestroy":[{"__symbolic":"method"}],"init":[{"__symbolic":"method"}],"initEvents":[{"__symbolic":"method"}],"updateText":[{"__symbolic":"method"}],"options":[{"__symbolic":"property","decorators":[{"__symbolic":"call","expression":{"__symbol":2,"members":[]}}]}],"setOptions":[{"__symbolic":"method"}],"readOnly":[{"__symbolic":"property","decorators":[{"__symbolic":"call","expression":{"__symbol":2,"members":[]}}]}],"setReadOnly":[{"__symbolic":"method"}],"theme":[{"__symbolic":"property","decorators":[{"__symbolic":"call","expression":{"__symbol":2,"members":[]}}]}],"setTheme":[{"__symbolic":"method"}],"mode":[{"__symbolic":"property","decorators":[{"__symbolic":"call","expression":{"__symbol":2,"members":[]}}]}],"setMode":[{"__symbolic":"method"}],"value":[{"__symbolic":"property","decorators":[{"__symbolic":"call","expression":{"__symbol":2,"members":[]}}]}],"writeValue":[{"__symbolic":"method"}],"registerOnChange":[{"__symbolic":"method"}],"registerOnTouched":[{"__symbolic":"method"}],"text":[{"__symbolic":"property","decorators":[{"__symbolic":"call","expression":{"__symbol":2,"members":[]}}]}],"setText":[{"__symbolic":"method"}],"autoUpdateContent":[{"__symbolic":"property","decorators":[{"__symbolic":"call","expression":{"__symbol":2,"members":[]}}]}],"setAutoUpdateContent":[{"__symbolic":"method"}],"durationBeforeCallback":[{"__symbolic":"property","decorators":[{"__symbolic":"call","expression":{"__symbol":2,"members":[]}}]}],"setDurationBeforeCallback":[{"__symbolic":"method"}],"getEditor":[{"__symbolic":"method"}]}},"type":{"summaryKind":1,"type":{"reference":{"__symbol":0,"members":[]},"diDeps":[{"isAttribute":false,"isHost":false,"isSelf":false,"isSkipSelf":false,"isOptional":false,"token":{"identifier":{"reference":{"__symbol":3,"members":[]}}}},{"isAttribute":false,"isHost":false,"isSelf":false,"isSkipSelf":false,"isOptional":false,"token":{"identifier":{"reference":{"__symbol":4,"members":[]}}}}],"lifecycleHooks":[0,1]},"isComponent":true,"selector":"ace-editor","exportAs":null,"inputs":{"style":"style","options":"options","readOnly":"readOnly","theme":"theme","mode":"mode","value":"value","text":"text","autoUpdateContent":"autoUpdateContent","durationBeforeCallback":"durationBeforeCallback"},"outputs":{"textChanged":"textChanged","textChange":"textChange"},"hostListeners":{},"hostProperties":{},"hostAttributes":{},"providers":[{"token":{"identifier":{"reference":{"__symbol":5,"members":[]}}},"useClass":null,"useFactory":null,"useExisting":{"identifier":{"reference":{"__symbol":0,"members":[]}}},"multi":true}],"viewProviders":[],"queries":[],"guards":{},"viewQueries":[],"entryComponents":[],"changeDetection":1,"template":{"ngContentSelectors":[],"encapsulation":0,"styles":[":host { display:block;width:100%; }"],"animations":[]},"componentViewType":{"__symbol":6,"members":[]},"rendererType":{"__symbol":7,"members":[]},"componentFactory":{"__symbol":8,"members":[]}}}],"symbols":[{"__symbol":0,"name":"AceEditorComponent","filePath":"./component"},{"__symbol":1,"name":"Output","filePath":"@angular/core"},{"__symbol":2,"name":"Input","filePath":"@angular/core"},{"__symbol":3,"name":"ElementRef","filePath":"@angular/core"},{"__symbol":4,"name":"NgZone","filePath":"@angular/core"},{"__symbol":5,"name":"NG_VALUE_ACCESSOR","filePath":"@angular/forms"},{"__symbol":6,"name":"View_AceEditorComponent_0","filePath":"./component.ngfactory"},{"__symbol":7,"name":"RenderType_AceEditorComponent","filePath":"./component.ngfactory"},{"__symbol":8,"name":"AceEditorComponentNgFactory","filePath":"./component.ngfactory"}]}