[{"__symbolic":"module","version":4,"metadata":{"AceEditorComponent":{"__symbolic":"class","decorators":[{"__symbolic":"call","expression":{"__symbolic":"reference","module":"@angular/core","name":"Component","line":7,"character":1},"arguments":[{"selector":"ace-editor","template":"","styles":[":host { display:block;width:100%; }"],"providers":[{"provide":{"__symbolic":"reference","module":"@angular/forms","name":"NG_VALUE_ACCESSOR","line":12,"character":17},"useExisting":{"__symbolic":"reference","name":"AceEditorComponent"},"multi":true}]}]}],"members":{"textChanged":[{"__symbolic":"property","decorators":[{"__symbolic":"call","expression":{"__symbolic":"reference","module":"@angular/core","name":"Output","line":18,"character":5}}]}],"textChange":[{"__symbolic":"property","decorators":[{"__symbolic":"call","expression":{"__symbolic":"reference","module":"@angular/core","name":"Output","line":19,"character":5}}]}],"style":[{"__symbolic":"property","decorators":[{"__symbolic":"call","expression":{"__symbolic":"reference","module":"@angular/core","name":"Input","line":20,"character":5}}]}],"__ctor__":[{"__symbolic":"constructor","parameters":[{"__symbolic":"reference","module":"@angular/core","name":"ElementRef","line":32,"character":28},{"__symbolic":"reference","module":"@angular/core","name":"NgZone","line":32,"character":54}]}],"ngOnInit":[{"__symbolic":"method"}],"ngOnDestroy":[{"__symbolic":"method"}],"init":[{"__symbolic":"method"}],"initEvents":[{"__symbolic":"method"}],"updateText":[{"__symbolic":"method"}],"options":[{"__symbolic":"property","decorators":[{"__symbolic":"call","expression":{"__symbolic":"reference","module":"@angular/core","name":"Input","line":90,"character":5}}]}],"setOptions":[{"__symbolic":"method"}],"readOnly":[{"__symbolic":"property","decorators":[{"__symbolic":"call","expression":{"__symbolic":"reference","module":"@angular/core","name":"Input","line":99,"character":5}}]}],"setReadOnly":[{"__symbolic":"method"}],"theme":[{"__symbolic":"property","decorators":[{"__symbolic":"call","expression":{"__symbolic":"reference","module":"@angular/core","name":"Input","line":108,"character":5}}]}],"setTheme":[{"__symbolic":"method"}],"mode":[{"__symbolic":"property","decorators":[{"__symbolic":"call","expression":{"__symbolic":"reference","module":"@angular/core","name":"Input","line":117,"character":5}}]}],"setMode":[{"__symbolic":"method"}],"value":[{"__symbolic":"property","decorators":[{"__symbolic":"call","expression":{"__symbolic":"reference","module":"@angular/core","name":"Input","line":134,"character":5}}]}],"writeValue":[{"__symbolic":"method"}],"registerOnChange":[{"__symbolic":"method"}],"registerOnTouched":[{"__symbolic":"method"}],"text":[{"__symbolic":"property","decorators":[{"__symbolic":"call","expression":{"__symbolic":"reference","module":"@angular/core","name":"Input","line":161,"character":5}}]}],"setText":[{"__symbolic":"method"}],"autoUpdateContent":[{"__symbolic":"property","decorators":[{"__symbolic":"call","expression":{"__symbolic":"reference","module":"@angular/core","name":"Input","line":178,"character":5}}]}],"setAutoUpdateContent":[{"__symbolic":"method"}],"durationBeforeCallback":[{"__symbolic":"property","decorators":[{"__symbolic":"call","expression":{"__symbolic":"reference","module":"@angular/core","name":"Input","line":186,"character":5}}]}],"setDurationBeforeCallback":[{"__symbolic":"method"}],"getEditor":[{"__symbolic":"method"}]}}}}]