{"moduleName":null,"summaries":[{"symbol":{"__symbol":0,"members":[]},"metadata":{"__symbolic":"class","members":{"textChanged":[{"__symbolic":"property","decorators":[{"__symbolic":"call","expression":{"__symbol":1,"members":[]}}]}],"textChange":[{"__symbolic":"property","decorators":[{"__symbolic":"call","expression":{"__symbol":1,"members":[]}}]}],"__ctor__":[{"__symbolic":"constructor","parameters":[{"__symbol":2,"members":[]},{"__symbol":3,"members":[]}]}],"ngOnInit":[{"__symbolic":"method"}],"ngOnDestroy":[{"__symbolic":"method"}],"init":[{"__symbolic":"method"}],"initEvents":[{"__symbolic":"method"}],"updateText":[{"__symbolic":"method"}],"options":[{"__symbolic":"property","decorators":[{"__symbolic":"call","expression":{"__symbol":4,"members":[]}}]}],"readOnly":[{"__symbolic":"property","decorators":[{"__symbolic":"call","expression":{"__symbol":4,"members":[]}}]}],"theme":[{"__symbolic":"property","decorators":[{"__symbolic":"call","expression":{"__symbol":4,"members":[]}}]}],"mode":[{"__symbolic":"property","decorators":[{"__symbolic":"call","expression":{"__symbol":4,"members":[]}}]}],"setMode":[{"__symbolic":"method"}],"text":[{"__symbolic":"property","decorators":[{"__symbolic":"call","expression":{"__symbol":4,"members":[]}}]}],"setText":[{"__symbolic":"method"}],"autoUpdateContent":[{"__symbolic":"property","decorators":[{"__symbolic":"call","expression":{"__symbol":4,"members":[]}}]}],"durationBeforeCallback":[{"__symbolic":"property","decorators":[{"__symbolic":"call","expression":{"__symbol":4,"members":[]}}]}],"setDurationBeforeCallback":[{"__symbolic":"method"}]}},"type":{"summaryKind":1,"type":{"reference":{"__symbol":0,"members":[]},"diDeps":[{"isAttribute":false,"isHost":false,"isSelf":false,"isSkipSelf":false,"isOptional":false,"token":{"identifier":{"reference":{"__symbol":2,"members":[]}}}},{"isAttribute":false,"isHost":false,"isSelf":false,"isSkipSelf":false,"isOptional":false,"token":{"identifier":{"reference":{"__symbol":3,"members":[]}}}}],"lifecycleHooks":[0,1]},"isComponent":false,"selector":"[ace-editor]","exportAs":null,"inputs":{"options":"options","readOnly":"readOnly","theme":"theme","mode":"mode","text":"text","autoUpdateContent":"autoUpdateContent","durationBeforeCallback":"durationBeforeCallback"},"outputs":{"textChanged":"textChanged","textChange":"textChange"},"hostListeners":{},"hostProperties":{},"hostAttributes":{},"providers":[],"viewProviders":[],"queries":[],"guards":{},"viewQueries":[],"entryComponents":[],"changeDetection":null,"template":null,"componentViewType":null,"rendererType":null,"componentFactory":null}}],"symbols":[{"__symbol":0,"name":"AceEditorDirective","filePath":"./directive"},{"__symbol":1,"name":"Output","filePath":"@angular/core"},{"__symbol":2,"name":"ElementRef","filePath":"@angular/core"},{"__symbol":3,"name":"NgZone","filePath":"@angular/core"},{"__symbol":4,"name":"Input","filePath":"@angular/core"}]}