{"moduleName":null,"summaries":[{"symbol":{"__symbol":0,"members":[]},"metadata":{"__symbolic":"class"},"type":{"summaryKind":2,"type":{"reference":{"__symbol":0,"members":[]},"diDeps":[],"lifecycleHooks":[]},"entryComponents":[],"providers":[],"modules":[{"reference":{"__symbol":0,"members":[]},"diDeps":[],"lifecycleHooks":[]}],"exportedDirectives":[{"reference":{"__symbol":1,"members":[]}},{"reference":{"__symbol":2,"members":[]}}],"exportedPipes":[]}}],"symbols":[{"__symbol":0,"name":"AceEditorModule","filePath":"./module"},{"__symbol":1,"name":"AceEditorComponent","filePath":"./component"},{"__symbol":2,"name":"AceEditorDirective","filePath":"./directive"}]}